,distance_to_Category_Nutrition,distance_to_Type_Coffee Shop,distance_to_Type_French Restaurant,distance_to_Type_Juice Bar,distance_to_Type_Fried Chicken Joint,distance_to_Users,distance_to_Class_Optional,distance_to_Category_Social,distance_to_Type_American Restaurant,distance_to_Category_Personal care,distance_to_Type_Taco Place,distance_to_Type_Beer Garden,distance_to_Category_Mobility,distance_to_Type_Latin American Restaurant,distance_to_Visits,distance_to_Type_Bar,distance_to_Type_Cocktail Bar,distance_to_Type_Food Truck,distance_to_Category_Unknown,distance_to_Category_Education,215,distance_to_Type_Spanish Restaurant,distance_to_Type_Wine Bar,163,103,175,97,200,185,180,218,107,distance_to_Type_Gastropub,113,34,172,188,17,28,109,202,45,67,90,162,169,208,12,160,102,179,209,173,77,19,54,69,182,43,13,39,74,146,16,161,145,2_y,98,11,3_y,9,18,126,159,150,0_y,127,176,140,118,44,75,35,7,81,51,32,128,166,129,142,196,68,195,100,219,214,41,46,87,50,115,168,4_y,85,121,120,distance_to_Category_Leisure,64,10,96,148,170,63,183,132,99,48,106,194,125,153,164,203,158,0_x,59,14,66,104,117,138,154,15,58,137,192,2_x,204,1_x,6,27,30,5_x,198,112,38,110,72,3_x,130,84,167,149,70,71,5_y,101,122,55,40,93,186,24,4_x,80,135,60,56,119,211,111,73,25,177,94,191,53,31,212,105,184,213,152,22,62,26,134,174,157,189,124,171,76,78,131,61,29,1_y,197,65,165,147,144,33,139,52,95,42,108,86,181,49,83,88,155,156,8,79,36,116,23,20,47,91,199,89,193,141,205,114,distance_to_Category_Taking care,187,201,178,distance_to_Type_Salad Place,92,143,217,82,151,207,133,136,21,123,37,57,206,216,190,210,distance_to_Category_Consumption,distance_to_Category_Income,distance_to_Class_,distance_to_Type_Caribbean Restaurant,distance_to_Category_Civic,distance_to_Type_Donut Shop,distance_to_Type_Fast Food Restaurant,distance_to_Checkins,distance_to_Type_Caf√©,distance_to_Type_Steakhouse,distance_to_Class_Necessary,distance_to_Rating,distance_to_Type_New American Restaurant,distance_to_Type_Deli / Bodega,23,81,184,49,50,48,39,47,46,45,44,43,42,41,40,219,38,51,36,35,34,33,32,31,30,29,28,27,26,25,24,37,53,52,21,83,82,80,79,78,77,76,75,74,73,72,71,70,69,68,67,66,65,64,63,62,61,60,59,58,57,56,55,54,22,18,20,19,85,17,16,15,14,13,12,11,10,9,8,7,6,84,86,218,169,183,182,181,180,179,178,177,176,175,174,173,172,171,170,168,87,167,166,165,164,163,162,161,160,159,158,157,156,155,154,185,186,187,188,217,216,215,214,213,212,211,210,209,208,207,206,205,204,203,202,201,200,199,198,197,196,195,194,193,192,191,190,189,153,152,151,118,116,115,114,113,112,111,110,109,108,107,106,105,104,103,102,101,100,99,98,97,96,95,94,93,92,91,90,89,88,117,119,150,120,149,148,147,146,145,144,143,142,141,140,139,138,137,136,135,134,133,132,131,130,129,128,127,126,125,124,123,122,121
Logit_Raw,-82.11610778238322,-75.40477280055842,-69.42715426858683,-57.58891214866474,-46.07032638043241,-32.77005436406942,-32.51063279635353,-30.844933024209045,-29.752309060441263,-28.9207765220571,-28.310531396317717,-23.382038050925,-23.08806157143549,-21.68655190815383,-18.44816663258292,-14.680224514764262,-13.955139424434712,-13.93037150036924,-11.298901232671778,-9.094024782127141,-8.810156054715534,-8.601931695328515,-7.491470278815634,-7.2041503184299,-7.002005100061796,-6.989546289388062,-6.700260049385771,-6.289365960363175,-6.234708421620593,-5.981778081797652,-5.9022138158519075,-5.81547641511154,-5.760305695509478,-5.481376695203482,-5.356880840097023,-5.226098120236961,-5.026805569103386,-4.68788753089056,-4.5866644796368465,-4.560016606378174,-4.525055970099612,-4.473418412418644,-4.201624311722859,-4.023486690908133,-3.9667209963787338,-3.888351905861476,-3.7921840401867857,-3.7802297648225758,-3.5101445262596016,-3.4154189315722374,-3.2995918904237564,-3.2697915087206773,-3.17103939182503,-3.113301001662042,-3.0742073321527816,-3.0449442367684827,-2.994680091322425,-2.9870266857856795,-2.9720329171828204,-2.9658304535738074,-2.951023723224574,-2.9351008891379102,-2.9281423706762495,-2.893161231910529,-2.803631345588158,-2.794271175464277,-2.6647882650576453,-2.628853871613016,-2.611366096817938,-2.606684665222873,-2.5616204548685064,-2.513996289894942,-2.481931877582065,-2.342356673147845,-2.3273333066732413,-2.3151704004024234,-2.2521862774193,-2.1338268499181385,-2.0877169735374856,-2.006636442044964,-1.9158241351305385,-1.8928357170566024,-1.8662536095777431,-1.8484103997764703,-1.8057171565549763,-1.76042587250368,-1.646079785628303,-1.63973018794116,-1.630083466807895,-1.602668704662519,-1.546931163651006,-1.4748026337229296,-1.349858013319199,-1.2671125434556758,-1.2315573546814436,-1.2080502286258288,-1.206703932315839,-1.206618805021239,-1.1804566064389297,-1.060654102552338,-1.0136083303310024,-1.0067738163577142,-0.974396108045089,-0.9417892382964258,-0.9201282151204735,-0.9189186952390208,-0.8930242826497832,-0.8890220318924118,-0.8708974417440287,-0.8019042834722546,-0.7713337084238643,-0.7287434029544934,-0.6508618294618959,-0.5579476453382436,-0.5041564211099221,-0.4955790730640877,-0.49493950557112776,-0.4852849631538193,-0.45301980035945133,-0.4502862752198084,-0.4392289559720928,-0.4151177837018292,-0.36737822834994444,-0.30513821463676577,-0.28190662144841483,-0.27414785721812923,-0.2624897157401532,-0.2586887222937779,-0.12324356708744899,-0.11243503222213794,-0.08069702685197172,-0.06985212191272065,-0.023957262231967747,-0.014369036029315916,0.07733536803274797,0.09251945502944985,0.10902309432966761,0.12179015357742617,0.12811677474968922,0.12960033260949178,0.22211203852881775,0.26755408864312663,0.3344527231172979,0.37172759616267403,0.37907909559374764,0.39029273676138027,0.40989954203216133,0.43654439642349185,0.4591533755221002,0.46199443843375937,0.48419704001623604,0.4986910959900687,0.5057816687072565,0.5583816604199674,0.6270958934687556,0.686916599392058,0.6873136167731005,0.7145111877192962,0.778711734854368,0.8124644808918816,0.8483960847412045,0.8508454697218115,0.8566495855153475,0.8774895379917809,0.9025314158072599,0.9278469678626201,0.9441441175308237,0.974818200912514,1.0988695352726399,1.1012530923457216,1.177280805814593,1.2022458834331413,1.2045510015423875,1.2053186448400504,1.228957079196311,1.2422837621249216,1.3068753549202683,1.322403088267518,1.384810438109595,1.389411991699537,1.41615443200872,1.4852166913118263,1.5631687657293973,1.5846576769599723,1.5897706469004813,1.6506764842866406,1.6532014697550508,1.6545692507138896,1.6850290200456517,1.7231492595761686,1.7509157718951098,1.7716243516608163,1.9338394485131283,1.93539923729373,1.9812925552875251,2.070950580763849,2.0866727922406696,2.1834289061924697,2.184955608714918,2.2293843394764448,2.2424221847957004,2.412938212821333,2.422740772193024,2.454889946326468,2.56891081011103,2.6670510308135893,2.707700099668083,2.807545888082707,2.8148261663797913,2.831491694743758,2.8375565893076713,2.955234665104601,2.970632134809932,2.977121991087932,3.0925156209694546,3.1584375593311305,3.3111104617079707,3.365889503823801,3.385861731553524,3.4544311113545016,3.4627851206624407,3.497058637109592,3.5170365581368763,3.574436826153742,3.5943015159697005,3.6342291271263107,3.6542564191984743,3.6688318626029037,3.677944083121462,3.720997823104439,3.7431165075389314,3.906237843361945,4.026241648965933,4.070945709866145,4.093841783814222,4.156729454918772,4.373353279092281,4.486547932128664,4.487514531879149,4.563859803866636,4.900542672518224,4.97793721109296,4.993374374829134,5.138682224973735,5.186772991799656,6.162854019979401,6.185296462473086,6.236048709706975,6.628603724645726,6.797992259307381,7.969767917475156,8.98685807181389,9.366486354433757,12.563213359880173,13.066771120146655,13.081379776397835,21.921420903864014,23.83055060927603,29.79425127548536,34.707624568207045,39.88093356027566,43.283814496667006,52.54635193494939,53.73804282483939,56.18092151527512,131.87334081607722,,,,,,,,,,,,,,,,,,,,,,,,,,,,,,,,,,,,,,,,,,,,,,,,,,,,,,,,,,,,,,,,,,,,,,,,,,,,,,,,,,,,,,,,,,,,,,,,,,,,,,,,,,,,,,,,,,,,,,,,,,,,,,,,,,,,,,,,,,,,,,,,,,,,,,,,,,,,,,,,,,,,,,,,,,,,,,,,,,,,,,,,,,,,,,,,,,,,,,,,,,,,,,,,,,,,,,
DT_Raw,0.07782050766663609,0.0,0.0,0.04646006577213773,0.0,0.0,0.0,0.0,0.0,0.0,0.0,0.0,0.0,0.0,0.0,0.0,0.0,0.0,0.0,0.0,,0.0,0.0,,,,,,,,,,0.0,,,,,,,,,,,,,,,,,,,,,,,,,,,,,,,,,,0.0,,,0.0,,,,,,0.0,,,,,,,,,,,,,,,,,,,,,,,,,,,,0.0,,,,0.4821543710305264,,,,,,,,,,,,,,,,,,0.0,,,,,,,,,,,,0.0,,0.0,,,,0.0,,,,,,0.0,,,,,,,0.0,,,,,,,,0.0,,,,,,,,,,,,,,,,,,,,,,,,,,,,,,,,,,0.0,,,,,,,,,,,,,,,,,,,,,,,,,,,,,,,,,0.0,,,,0.0,,,,,,,,,,,,,,,,,0.0,0.0,0.0,0.0,0.0,0.0,0.0,0.0,0.0,0.0,0.0,0.07038962380856376,0.0,0.0,0.1404618996798403,0.11934649109771404,0.06336704094458175,0.0,0.0,0.0,0.0,0.0,0.0,0.0,0.0,0.0,0.0,0.0,0.0,0.0,0.0,0.0,0.0,0.0,0.0,0.0,0.0,0.0,0.0,0.0,0.0,0.0,0.0,0.0,0.0,0.0,0.0,0.0,0.0,0.0,0.0,0.0,0.0,0.0,0.0,0.0,0.0,0.0,0.0,0.0,0.0,0.0,0.0,0.0,0.0,0.0,0.0,0.0,0.0,0.0,0.0,0.0,0.0,0.0,0.0,0.0,0.0,0.0,0.0,0.0,0.0,0.0,0.0,0.0,0.0,0.0,0.0,0.0,0.0,0.0,0.0,0.0,0.0,0.0,0.0,0.0,0.0,0.0,0.0,0.0,0.0,0.0,0.0,0.0,0.0,0.0,0.0,0.0,0.0,0.0,0.0,0.0,0.0,0.0,0.0,0.0,0.0,0.0,0.0,0.0,0.0,0.0,0.0,0.0,0.0,0.0,0.0,0.0,0.0,0.0,0.0,0.0,0.0,0.0,0.0,0.0,0.0,0.0,0.0,0.0,0.0,0.0,0.0,0.0,0.0,0.0,0.0,0.0,0.0,0.0,0.0,0.0,0.0,0.0,0.0,0.0,0.0,0.0,0.0,0.0,0.0,0.0,0.0,0.0,0.0,0.0,0.0,0.0,0.0,0.0,0.0,0.0,0.0,0.0,0.0,0.0,0.0,0.0,0.0,0.0,0.0,0.0,0.0,0.0,0.0,0.0,0.0,0.0,0.0,0.0,0.0,0.0,0.0,0.0,0.0,0.0,0.0,0.0,0.0,0.0,0.0,0.0,0.0,0.0,0.0,0.0,0.0,0.0,0.0,0.0,0.0,0.0,0.0,0.0,0.0,0.0,0.0,0.0,0.0,0.0,0.0,0.0,0.0,0.0,0.0,0.0,0.0,0.0
RF_Raw,0.07782050766663609,0.0,0.0,0.04646006577213773,0.0,0.0,0.0,0.0,0.0,0.0,0.0,0.0,0.0,0.0,0.0,0.0,0.0,0.0,0.0,0.0,,0.0,0.0,,,,,,,,,,0.0,,,,,,,,,,,,,,,,,,,,,,,,,,,,,,,,,,0.0,,,0.0,,,,,,0.0,,,,,,,,,,,,,,,,,,,,,,,,,,,,0.0,,,,0.4821543710305264,,,,,,,,,,,,,,,,,,0.0,,,,,,,,,,,,0.0,,0.0,,,,0.0,,,,,,0.0,,,,,,,0.0,,,,,,,,0.0,,,,,,,,,,,,,,,,,,,,,,,,,,,,,,,,,,0.0,,,,,,,,,,,,,,,,,,,,,,,,,,,,,,,,,0.0,,,,0.0,,,,,,,,,,,,,,,,,0.0,0.0,0.0,0.0,0.0,0.0,0.0,0.0,0.0,0.0,0.0,0.07038962380856376,0.0,0.0,0.1404618996798403,0.11934649109771404,0.06336704094458175,0.0,0.0,0.0,0.0,0.0,0.0,0.0,0.0,0.0,0.0,0.0,0.0,0.0,0.0,0.0,0.0,0.0,0.0,0.0,0.0,0.0,0.0,0.0,0.0,0.0,0.0,0.0,0.0,0.0,0.0,0.0,0.0,0.0,0.0,0.0,0.0,0.0,0.0,0.0,0.0,0.0,0.0,0.0,0.0,0.0,0.0,0.0,0.0,0.0,0.0,0.0,0.0,0.0,0.0,0.0,0.0,0.0,0.0,0.0,0.0,0.0,0.0,0.0,0.0,0.0,0.0,0.0,0.0,0.0,0.0,0.0,0.0,0.0,0.0,0.0,0.0,0.0,0.0,0.0,0.0,0.0,0.0,0.0,0.0,0.0,0.0,0.0,0.0,0.0,0.0,0.0,0.0,0.0,0.0,0.0,0.0,0.0,0.0,0.0,0.0,0.0,0.0,0.0,0.0,0.0,0.0,0.0,0.0,0.0,0.0,0.0,0.0,0.0,0.0,0.0,0.0,0.0,0.0,0.0,0.0,0.0,0.0,0.0,0.0,0.0,0.0,0.0,0.0,0.0,0.0,0.0,0.0,0.0,0.0,0.0,0.0,0.0,0.0,0.0,0.0,0.0,0.0,0.0,0.0,0.0,0.0,0.0,0.0,0.0,0.0,0.0,0.0,0.0,0.0,0.0,0.0,0.0,0.0,0.0,0.0,0.0,0.0,0.0,0.0,0.0,0.0,0.0,0.0,0.0,0.0,0.0,0.0,0.0,0.0,0.0,0.0,0.0,0.0,0.0,0.0,0.0,0.0,0.0,0.0,0.0,0.0,0.0,0.0,0.0,0.0,0.0,0.0,0.0,0.0,0.0,0.0,0.0,0.0,0.0,0.0,0.0,0.0,0.0,0.0,0.0,0.0,0.0,0.0,0.0,0.0,0.0
SVM_Raw,-22.947123240996184,-11.385478332353964,-17.25395378677924,-12.630469627393268,-11.60822695502628,-12.239744350135487,-3.7790684388070384,-6.828819443582029,-3.0210553586494076,-6.012967201156982,-5.861797170837872,-3.362258448386645,-5.251322931264853,-5.358804344421338,-30.7207132600315,-1.4027057217120373,-2.7718207762508293,-1.885744447894859,-5.615886443415558,-2.0260435506854177,-5.466310284946592,-2.1729429771338573,-1.2984369393690827,-6.000721862226632,-8.413845617134651,-4.687637231261362,-8.56171381624324,-5.583919747739231,-4.4484049260692,-4.753217382151038,-5.073447298977095,-6.319201325197011,-1.4712245609529764,-6.060739661668199,-6.700825449833996,-6.121329348764013,-3.9357847667084296,-8.379513640089785,-9.921118813042908,-5.626838078709189,-2.8507436413458582,-6.9573051297544035,-6.59909658743605,-4.39846778806343,-3.471784969629955,-3.0391706983109295,-2.4226382781987477,-6.156097058823155,-2.8722567300381625,-5.184492334149454,-2.500206579591108,-2.2754945800498976,-2.6131146204541618,-3.452837332695298,-6.434935740172396,-4.458702181763495,-3.5067383770628267,-2.186072830337884,-4.189291378268462,-5.590518797102593,-4.933856391912047,-4.781810174713993,-2.267259699017985,-6.301250930751197,-2.372538557223932,-2.669731476533914,-8.762397728507604,-3.4485799995847923,-4.5973966132382404,-9.352868437844524,-5.297210207190297,-6.000515492566315,-2.473251722780579,-1.6749270763351602,-2.199496361405645,-8.168664325628288,-2.16064615456448,-1.9551009371640682,-1.9535209411313894,-2.364026193694349,-3.611309631308475,-2.2644946191391937,-3.9194268485119497,-4.24923697933041,-1.99369992933851,-2.692925040669701,-2.081757708169225,-1.7458355290204215,-1.2682797944890318,-1.9518705360985766,-1.1584048150141129,-1.3379427482883366,-1.9199163556983379,-1.1001211743727297,-1.4588750998968054,-0.7491986483942493,-1.0388425513710777,-1.6033139349748764,-1.8090467966711097,-1.5247387221617792,-1.8383634387698407,-1.3656731458296893,-1.244675650288481,-1.6194876147451733,-0.9805730911121102,-0.9851911522935509,-0.7717766036267608,-0.24470720419999398,-1.5682852624645662,-1.9576242363513852,-0.5202951977783685,-0.7249261239785049,-0.7514309427355439,-0.7614981465888081,-0.39918446858932477,-0.607346994859056,-0.6178418976750634,-0.6458815741173819,-0.8099108456787496,-0.07478961839251488,-0.4892329709504865,-0.34382416718704517,-0.5127305359289756,-0.21983931005756074,-0.21188802302736315,-4.8717623279695665,-0.4680288384860563,-0.3283253450218044,-0.2786727403135242,-0.03996888603308351,-0.10915739050503444,-0.30672494778282844,0.017875823778796356,0.11878690908055253,0.13212228660800662,-0.15046389840384458,0.002851326655095554,1.2638056462909082,0.3678906031462992,1.3340695399576163,0.17761709326591713,0.5479088842529658,0.7726187392784032,2.343225051566842,0.31769809582303654,0.42043975947947604,0.5186087373511811,0.45437440594596734,0.7749671180116148,2.674318306798738,0.3709999828655541,0.3703544668172429,0.15016163738019664,0.4094088076551153,0.8655690122645987,1.1391898270612428,1.4858879962641216,0.6583130500116716,1.087934409051591,1.2719078918707794,1.5545015924828487,0.7872473718273713,0.7835225070328796,2.4959190218448994,5.660375637813661,1.242028484062588,0.7648877373527804,1.0546826154200204,1.893193402181505,1.0853815400638815,0.7417757499360454,1.1362980271310583,1.9532035617718966,2.276638344680842,1.3861738001926545,1.5140542951657856,1.1153725779387136,2.635029998973814,1.978945302877562,1.1205987656045517,1.8061844147931558,1.6567073494113271,1.6098312939906858,1.4371213674381234,3.512862982532547,2.5751366681213224,3.004890340200025,1.4928510514686346,1.201822306414056,1.6400475382031012,2.0791607982238354,1.4365440866132722,2.253591081331882,2.9181837989364867,2.8191075505139875,2.7287177814042773,2.795091924079098,3.8229686234278932,6.906229151185513,2.159591451600008,2.697664196987721,2.848229283029683,2.3111080460795512,2.0239170622485805,4.988080448169126,2.8611653406999373,4.62276765924042,3.2415180204081944,5.110268405913464,3.3865067496632397,3.6628536085178482,2.7067312542333677,5.00251614853359,4.07477380554871,3.4056161626062305,3.0204001179518807,2.8544991341474217,7.006861022184968,5.56963203014133,5.016115357866171,4.149466413004946,6.038865611146418,7.700381170287839,7.243628277057415,4.178068665583768,3.5247334864182895,5.607220452308908,2.594299161709595,3.568629968772071,3.4928034984429916,3.8214212473134905,1.0860045992909668,3.312126054025371,3.1975004493348003,3.2477726999723573,1.063091116578948,4.6326692781156105,4.7779545632935365,3.5224575370930284,7.115256975522865,4.233063002575871,3.7085900310289093,4.609991547807134,5.5733034456942265,9.376435328320701,6.951134903846819,9.70340632850573,8.749612960618817,5.089304002895951,3.8105879277281387,6.0194075219759755,6.41653937294608,2.3040974505724456,3.418103443815387,3.2948728821817435,3.0822303933088278,3.2102504276538304,3.5800035021265835,3.194049387886987,37.88172366490004,6.867436442293324,7.922743368151353,11.159167123932253,10.224611329561153,12.57180073024763,17.602148050100915,,,,,,,,,,,,,,,,,,,,,,,,,,,,,,,,,,,,,,,,,,,,,,,,,,,,,,,,,,,,,,,,,,,,,,,,,,,,,,,,,,,,,,,,,,,,,,,,,,,,,,,,,,,,,,,,,,,,,,,,,,,,,,,,,,,,,,,,,,,,,,,,,,,,,,,,,,,,,,,,,,,,,,,,,,,,,,,,,,,,,,,,,,,,,,,,,,,,,,,,,,,,,,,,,,,,,,
Logit_Scaled,-2.8101851047702886,-1.0258532900838468,-2.8195467244960546,-1.6443434593856059,-1.3437924344521583,-1.8421565888845264,-0.5640851881521944,-0.9115324132929659,-0.3142531520106287,-1.0484319190704086,-0.9895680115827079,-0.39623129002739094,-0.9241308839892612,-0.7098955025490713,-8.2685709645104,-0.1767178999547519,-0.36424128939433276,-0.21378781365406557,-0.851339329651863,-0.2568821325825074,-0.5707368688222895,-0.22297819806308064,-0.1242160939781557,-0.5734292275891711,-0.6558265038769133,-0.5235914963907677,-0.6775075934191217,-0.4362000837849939,-0.4146621750537152,-0.4443683038352164,-0.3735269309503491,-0.5785417613457103,-0.2782186882330876,-0.5024946634601123,-0.6409413867322429,-0.4299591715944947,-0.3841205579904036,-0.6959279573874039,-0.6565327959575308,-0.4408744056110947,-0.27287562478026106,-0.5535808666051322,-0.44863357552579114,-0.4131154651993834,-0.29966646513025236,-0.2793262564187285,-0.2505891845768686,-0.5452689425442625,-0.2733904693701164,-0.33010005924620867,-0.22633178770083648,-0.22956368636157215,-0.2463886451481,-0.3134099794406325,-0.4636786306393308,-0.3562921380645312,-0.3084289455013936,-0.2042678994501772,-0.36776610645820257,-0.4201299239687467,-0.3488804439488284,-0.33858872212313995,-0.22298768907975475,-0.4299036535283855,-0.20291099540756755,-0.24213171964796248,-0.587444166590973,-0.249698165699221,-0.3973918987665967,-0.48122174529001877,-0.37163758360739785,-0.3424254108734776,-0.20107245660888728,-0.1579305655274758,-0.20526214384336422,-1.1006756195570755,-0.20586045577063608,-0.16714921893104145,-0.16884118411019763,-0.20805246993052864,-0.24684254843433445,-0.1755675668807339,-0.27275584510622325,-0.3145746163752753,-0.15967964439561808,-0.20237219754279473,-0.15695273877686816,-0.15972134121742776,-0.11769824376996696,-0.1407118084033257,-0.11126021853182191,-0.12783738834454647,-0.14635860114306748,-0.12456593988575618,-0.1252318071787109,-0.062318854118384163,-0.09427978274467952,-0.15271828081140681,-0.13055430447486283,-0.12030537872791564,-0.12259760492607476,-0.11668591727254557,-0.1089589200683301,-0.14511046009045112,-0.08223815076221341,-0.08285049222061339,-0.06854920413654421,-0.04274077254243665,-0.12358190188194501,-0.14627264687230096,-0.031138756283818698,-0.06697428891953443,-0.07284435708775959,-0.05253148352515127,-0.03693787446308116,-0.052028762021312576,-0.04963251600286435,-0.0357621851887693,-0.0675121924816844,0.0014293557634380023,-0.0489866624556466,-0.03127061295056701,-0.051681402944376655,-0.026865439891187153,-0.013487539017240629,-0.45730755928725225,-0.053595972723547484,-0.030484015995950884,-0.03338331026480094,-0.0014413759926952103,-0.006953453151481961,-0.023390029677324963,0.004964447345713194,0.013724261126128987,0.006778880089656967,-0.018752737498153933,-0.00019513557176865275,0.07359303795352039,0.03840212696849244,0.10733728641447725,0.01073657668527093,0.04220457868867249,0.06004317553999945,0.1300973923318685,0.026366581662800162,0.0362588066837647,0.03958913002786342,0.03902711302294091,0.053111471844957764,0.16284844543107582,0.027415079052210006,0.021593776593844687,0.01288426271481073,0.028992982334853815,0.0636974494146022,0.10113734244241207,0.09610578028369955,0.06476569515106755,0.08010949833610705,0.12460762990243188,0.13228221067586676,0.051351896714006265,0.07298711175364225,0.1569805921788752,0.31090911791321035,0.11657342765274355,0.0695584801545339,0.0693719674293042,0.13887252897716185,0.08867325834415078,0.08549042323431792,0.0932636488230768,0.14074793376436287,0.1496559906200596,0.09572760835169315,0.11946334323084361,0.0853649350763689,0.16162747530701993,0.1877893525443542,0.11019356519070553,0.13473449316799682,0.127151650597241,0.11856811755050545,0.13308626876290505,0.25118995637759367,0.1671526699462034,0.20023516073666553,0.13893102673204094,0.11726530980401245,0.1312212718774878,0.15689532584298052,0.12217546427658015,0.18892857469672533,0.2623929409382456,0.23785209406542407,0.1897146317997599,0.20888297347279075,0.28305461633443685,0.44698030478994605,0.1857606118957754,0.23523820814266458,0.209290460422739,0.21046668713608663,0.1582046427195134,0.34556322080499585,0.2217713402720999,0.3110108945887474,0.26296929005797887,0.35953936649482043,0.2950841199705843,0.274932247381024,0.225156620147171,0.36165072357724876,0.2946523876966527,0.3323321106051279,0.26997072360101243,0.2633171264326096,0.5231930081358112,0.35633531761930637,0.4152695912959117,0.33087667553659306,0.48001156027463543,0.5154878150148111,0.4583393151902435,0.3583013946034064,0.24658699329106645,0.38712632463424346,0.26698122036874583,0.3099673862451971,0.2881187973316466,0.30283163591746043,0.19869124461627583,0.2747181580963916,0.3001851043283059,0.30135765155785116,0.18279050265046243,0.44102346550696797,0.37922029766246995,0.27222238580889235,0.5509196664354794,0.38303124043504577,0.3393194176880805,0.45430988840981124,0.4791227419622804,0.7255823572935712,0.5644303956291823,0.7857053794626268,0.7320751408563003,0.42548067036602294,0.43245531027027656,0.569426821159343,0.6086651902832475,0.27005844881113733,0.48510467943202207,0.5985495659751767,0.3611970444633436,0.43316180248784214,0.30991341519009324,0.28768303144326773,9.17921249681095,0.6450766907352623,1.1934523707838616,1.2140128159199661,1.6505868300199813,1.9046995316184483,1.5382427721073162,,,,,,,,,,,,,,,,,,,,,,,,,,,,,,,,,,,,,,,,,,,,,,,,,,,,,,,,,,,,,,,,,,,,,,,,,,,,,,,,,,,,,,,,,,,,,,,,,,,,,,,,,,,,,,,,,,,,,,,,,,,,,,,,,,,,,,,,,,,,,,,,,,,,,,,,,,,,,,,,,,,,,,,,,,,,,,,,,,,,,,,,,,,,,,,,,,,,,,,,,,,,,,,,,,,,,,
DT_Scaled,0.07782050766663609,0.0,0.0,0.04646006577213773,0.0,0.0,0.0,0.0,0.0,0.0,0.0,0.0,0.0,0.0,0.0,0.0,0.0,0.0,0.0,0.0,,0.0,0.0,,,,,,,,,,0.0,,,,,,,,,,,,,,,,,,,,,,,,,,,,,,,,,,0.0,,,0.0,,,,,,0.0,,,,,,,,,,,,,,,,,,,,,,,,,,,,0.0,,,,0.4821543710305264,,,,,,,,,,,,,,,,,,0.0,,,,,,,,,,,,0.0,,0.0,,,,0.0,,,,,,0.0,,,,,,,0.0,,,,,,,,0.0,,,,,,,,,,,,,,,,,,,,,,,,,,,,,,,,,,0.0,,,,,,,,,,,,,,,,,,,,,,,,,,,,,,,,,0.0,,,,0.0,,,,,,,,,,,,,,,,,0.0,0.0,0.0,0.0,0.0,0.0,0.0,0.0,0.0,0.0,0.0,0.07038962380856376,0.0,0.0,0.1404618996798403,0.11934649109771404,0.06336704094458175,0.0,0.0,0.0,0.0,0.0,0.0,0.0,0.0,0.0,0.0,0.0,0.0,0.0,0.0,0.0,0.0,0.0,0.0,0.0,0.0,0.0,0.0,0.0,0.0,0.0,0.0,0.0,0.0,0.0,0.0,0.0,0.0,0.0,0.0,0.0,0.0,0.0,0.0,0.0,0.0,0.0,0.0,0.0,0.0,0.0,0.0,0.0,0.0,0.0,0.0,0.0,0.0,0.0,0.0,0.0,0.0,0.0,0.0,0.0,0.0,0.0,0.0,0.0,0.0,0.0,0.0,0.0,0.0,0.0,0.0,0.0,0.0,0.0,0.0,0.0,0.0,0.0,0.0,0.0,0.0,0.0,0.0,0.0,0.0,0.0,0.0,0.0,0.0,0.0,0.0,0.0,0.0,0.0,0.0,0.0,0.0,0.0,0.0,0.0,0.0,0.0,0.0,0.0,0.0,0.0,0.0,0.0,0.0,0.0,0.0,0.0,0.0,0.0,0.0,0.0,0.0,0.0,0.0,0.0,0.0,0.0,0.0,0.0,0.0,0.0,0.0,0.0,0.0,0.0,0.0,0.0,0.0,0.0,0.0,0.0,0.0,0.0,0.0,0.0,0.0,0.0,0.0,0.0,0.0,0.0,0.0,0.0,0.0,0.0,0.0,0.0,0.0,0.0,0.0,0.0,0.0,0.0,0.0,0.0,0.0,0.0,0.0,0.0,0.0,0.0,0.0,0.0,0.0,0.0,0.0,0.0,0.0,0.0,0.0,0.0,0.0,0.0,0.0,0.0,0.0,0.0,0.0,0.0,0.0,0.0,0.0,0.0,0.0,0.0,0.0,0.0,0.0,0.0,0.0,0.0,0.0,0.0,0.0,0.0,0.0,0.0,0.0,0.0,0.0,0.0,0.0,0.0,0.0,0.0,0.0,0.0
RF_Scaled,0.07782050766663609,0.0,0.0,0.04646006577213773,0.0,0.0,0.0,0.0,0.0,0.0,0.0,0.0,0.0,0.0,0.0,0.0,0.0,0.0,0.0,0.0,,0.0,0.0,,,,,,,,,,0.0,,,,,,,,,,,,,,,,,,,,,,,,,,,,,,,,,,0.0,,,0.0,,,,,,0.0,,,,,,,,,,,,,,,,,,,,,,,,,,,,0.0,,,,0.4821543710305264,,,,,,,,,,,,,,,,,,0.0,,,,,,,,,,,,0.0,,0.0,,,,0.0,,,,,,0.0,,,,,,,0.0,,,,,,,,0.0,,,,,,,,,,,,,,,,,,,,,,,,,,,,,,,,,,0.0,,,,,,,,,,,,,,,,,,,,,,,,,,,,,,,,,0.0,,,,0.0,,,,,,,,,,,,,,,,,0.0,0.0,0.0,0.0,0.0,0.0,0.0,0.0,0.0,0.0,0.0,0.07038962380856376,0.0,0.0,0.1404618996798403,0.11934649109771404,0.06336704094458175,0.0,0.0,0.0,0.0,0.0,0.0,0.0,0.0,0.0,0.0,0.0,0.0,0.0,0.0,0.0,0.0,0.0,0.0,0.0,0.0,0.0,0.0,0.0,0.0,0.0,0.0,0.0,0.0,0.0,0.0,0.0,0.0,0.0,0.0,0.0,0.0,0.0,0.0,0.0,0.0,0.0,0.0,0.0,0.0,0.0,0.0,0.0,0.0,0.0,0.0,0.0,0.0,0.0,0.0,0.0,0.0,0.0,0.0,0.0,0.0,0.0,0.0,0.0,0.0,0.0,0.0,0.0,0.0,0.0,0.0,0.0,0.0,0.0,0.0,0.0,0.0,0.0,0.0,0.0,0.0,0.0,0.0,0.0,0.0,0.0,0.0,0.0,0.0,0.0,0.0,0.0,0.0,0.0,0.0,0.0,0.0,0.0,0.0,0.0,0.0,0.0,0.0,0.0,0.0,0.0,0.0,0.0,0.0,0.0,0.0,0.0,0.0,0.0,0.0,0.0,0.0,0.0,0.0,0.0,0.0,0.0,0.0,0.0,0.0,0.0,0.0,0.0,0.0,0.0,0.0,0.0,0.0,0.0,0.0,0.0,0.0,0.0,0.0,0.0,0.0,0.0,0.0,0.0,0.0,0.0,0.0,0.0,0.0,0.0,0.0,0.0,0.0,0.0,0.0,0.0,0.0,0.0,0.0,0.0,0.0,0.0,0.0,0.0,0.0,0.0,0.0,0.0,0.0,0.0,0.0,0.0,0.0,0.0,0.0,0.0,0.0,0.0,0.0,0.0,0.0,0.0,0.0,0.0,0.0,0.0,0.0,0.0,0.0,0.0,0.0,0.0,0.0,0.0,0.0,0.0,0.0,0.0,0.0,0.0,0.0,0.0,0.0,0.0,0.0,0.0,0.0,0.0,0.0,0.0,0.0,0.0
SVM_Scaled,-22.947123240996184,-11.385478332353964,-17.25395378677924,-12.630469627393268,-11.60822695502628,-12.239744350135487,-3.7790684388070384,-6.828819443582029,-3.0210553586494076,-6.012967201156982,-5.861797170837872,-3.362258448386645,-5.251322931264853,-5.358804344421338,-30.7207132600315,-1.4027057217120373,-2.7718207762508293,-1.885744447894859,-5.615886443415558,-2.0260435506854177,-5.466310284946592,-2.1729429771338573,-1.2984369393690827,-6.000721862226632,-8.413845617134651,-4.687637231261362,-8.56171381624324,-5.583919747739231,-4.4484049260692,-4.753217382151038,-5.073447298977095,-6.319201325197011,-1.4712245609529764,-6.060739661668199,-6.700825449833996,-6.121329348764013,-3.9357847667084296,-8.379513640089785,-9.921118813042908,-5.626838078709189,-2.8507436413458582,-6.9573051297544035,-6.59909658743605,-4.39846778806343,-3.471784969629955,-3.0391706983109295,-2.4226382781987477,-6.156097058823155,-2.8722567300381625,-5.184492334149454,-2.500206579591108,-2.2754945800498976,-2.6131146204541618,-3.452837332695298,-6.434935740172396,-4.458702181763495,-3.5067383770628267,-2.186072830337884,-4.189291378268462,-5.590518797102593,-4.933856391912047,-4.781810174713993,-2.267259699017985,-6.301250930751197,-2.372538557223932,-2.669731476533914,-8.762397728507604,-3.4485799995847923,-4.5973966132382404,-9.352868437844524,-5.297210207190297,-6.000515492566315,-2.473251722780579,-1.6749270763351602,-2.199496361405645,-8.168664325628288,-2.16064615456448,-1.9551009371640682,-1.9535209411313894,-2.364026193694349,-3.611309631308475,-2.2644946191391937,-3.9194268485119497,-4.24923697933041,-1.99369992933851,-2.692925040669701,-2.081757708169225,-1.7458355290204215,-1.2682797944890318,-1.9518705360985766,-1.1584048150141129,-1.3379427482883366,-1.9199163556983379,-1.1001211743727297,-1.4588750998968054,-0.7491986483942493,-1.0388425513710777,-1.6033139349748764,-1.8090467966711097,-1.5247387221617792,-1.8383634387698407,-1.3656731458296893,-1.244675650288481,-1.6194876147451733,-0.9805730911121102,-0.9851911522935509,-0.7717766036267608,-0.24470720419999398,-1.5682852624645662,-1.9576242363513852,-0.5202951977783685,-0.7249261239785049,-0.7514309427355439,-0.7614981465888081,-0.39918446858932477,-0.607346994859056,-0.6178418976750634,-0.6458815741173819,-0.8099108456787496,-0.07478961839251488,-0.4892329709504865,-0.34382416718704517,-0.5127305359289756,-0.21983931005756074,-0.21188802302736315,-4.8717623279695665,-0.4680288384860563,-0.3283253450218044,-0.2786727403135242,-0.03996888603308351,-0.10915739050503444,-0.30672494778282844,0.017875823778796356,0.11878690908055253,0.13212228660800662,-0.15046389840384458,0.002851326655095554,1.2638056462909082,0.3678906031462992,1.3340695399576163,0.17761709326591713,0.5479088842529658,0.7726187392784032,2.343225051566842,0.31769809582303654,0.42043975947947604,0.5186087373511811,0.45437440594596734,0.7749671180116148,2.674318306798738,0.3709999828655541,0.3703544668172429,0.15016163738019664,0.4094088076551153,0.8655690122645987,1.1391898270612428,1.4858879962641216,0.6583130500116716,1.087934409051591,1.2719078918707794,1.5545015924828487,0.7872473718273713,0.7835225070328796,2.4959190218448994,5.660375637813661,1.242028484062588,0.7648877373527804,1.0546826154200204,1.893193402181505,1.0853815400638815,0.7417757499360454,1.1362980271310583,1.9532035617718966,2.276638344680842,1.3861738001926545,1.5140542951657856,1.1153725779387136,2.635029998973814,1.978945302877562,1.1205987656045517,1.8061844147931558,1.6567073494113271,1.6098312939906858,1.4371213674381234,3.512862982532547,2.5751366681213224,3.004890340200025,1.4928510514686346,1.201822306414056,1.6400475382031012,2.0791607982238354,1.4365440866132722,2.253591081331882,2.9181837989364867,2.8191075505139875,2.7287177814042773,2.795091924079098,3.8229686234278932,6.906229151185513,2.159591451600008,2.697664196987721,2.848229283029683,2.3111080460795512,2.0239170622485805,4.988080448169126,2.8611653406999373,4.62276765924042,3.2415180204081944,5.110268405913464,3.3865067496632397,3.6628536085178482,2.7067312542333677,5.00251614853359,4.07477380554871,3.4056161626062305,3.0204001179518807,2.8544991341474217,7.006861022184968,5.56963203014133,5.016115357866171,4.149466413004946,6.038865611146418,7.700381170287839,7.243628277057415,4.178068665583768,3.5247334864182895,5.607220452308908,2.594299161709595,3.568629968772071,3.4928034984429916,3.8214212473134905,1.0860045992909668,3.312126054025371,3.1975004493348003,3.2477726999723573,1.063091116578948,4.6326692781156105,4.7779545632935365,3.5224575370930284,7.115256975522865,4.233063002575871,3.7085900310289093,4.609991547807134,5.5733034456942265,9.376435328320701,6.951134903846819,9.70340632850573,8.749612960618817,5.089304002895951,3.8105879277281387,6.0194075219759755,6.41653937294608,2.3040974505724456,3.418103443815387,3.2948728821817435,3.0822303933088278,3.2102504276538304,3.5800035021265835,3.194049387886987,37.88172366490004,6.867436442293324,7.922743368151353,11.159167123932253,10.224611329561153,12.57180073024763,17.602148050100915,,,,,,,,,,,,,,,,,,,,,,,,,,,,,,,,,,,,,,,,,,,,,,,,,,,,,,,,,,,,,,,,,,,,,,,,,,,,,,,,,,,,,,,,,,,,,,,,,,,,,,,,,,,,,,,,,,,,,,,,,,,,,,,,,,,,,,,,,,,,,,,,,,,,,,,,,,,,,,,,,,,,,,,,,,,,,,,,,,,,,,,,,,,,,,,,,,,,,,,,,,,,,,,,,,,,,,
Logit_Minmaxed,-22.947123240996184,-11.385478332353964,-17.25395378677924,-12.630469627393268,-11.60822695502628,-12.239744350135487,-3.7790684388070384,-6.828819443582029,-3.0210553586494076,-6.012967201156982,-5.861797170837872,-3.362258448386645,-5.251322931264853,-5.358804344421338,-30.7207132600315,-1.4027057217120373,-2.7718207762508293,-1.885744447894859,-5.615886443415558,-2.0260435506854177,-5.466310284946592,-2.1729429771338573,-1.2984369393690827,-6.000721862226632,-8.413845617134651,-4.687637231261362,-8.56171381624324,-5.583919747739231,-4.4484049260692,-4.753217382151038,-5.073447298977095,-6.319201325197011,-1.4712245609529764,-6.060739661668199,-6.700825449833996,-6.121329348764013,-3.9357847667084296,-8.379513640089785,-9.921118813042908,-5.626838078709189,-2.8507436413458582,-6.9573051297544035,-6.59909658743605,-4.39846778806343,-3.471784969629955,-3.0391706983109295,-2.4226382781987477,-6.156097058823155,-2.8722567300381625,-5.184492334149454,-2.500206579591108,-2.2754945800498976,-2.6131146204541618,-3.452837332695298,-6.434935740172396,-4.458702181763495,-3.5067383770628267,-2.186072830337884,-4.189291378268462,-5.590518797102593,-4.933856391912047,-4.781810174713993,-2.267259699017985,-6.301250930751197,-2.372538557223932,-2.669731476533914,-8.762397728507604,-3.4485799995847923,-4.5973966132382404,-9.352868437844524,-5.297210207190297,-6.000515492566315,-2.473251722780579,-1.6749270763351602,-2.199496361405645,-8.168664325628288,-2.16064615456448,-1.9551009371640682,-1.9535209411313894,-2.364026193694349,-3.611309631308475,-2.2644946191391937,-3.9194268485119497,-4.24923697933041,-1.99369992933851,-2.692925040669701,-2.081757708169225,-1.7458355290204215,-1.2682797944890318,-1.9518705360985766,-1.1584048150141129,-1.3379427482883366,-1.9199163556983379,-1.1001211743727297,-1.4588750998968054,-0.7491986483942493,-1.0388425513710777,-1.6033139349748764,-1.8090467966711097,-1.5247387221617792,-1.8383634387698407,-1.3656731458296893,-1.244675650288481,-1.6194876147451733,-0.9805730911121102,-0.9851911522935509,-0.7717766036267608,-0.24470720419999398,-1.5682852624645662,-1.9576242363513852,-0.5202951977783685,-0.7249261239785049,-0.7514309427355439,-0.7614981465888081,-0.39918446858932477,-0.607346994859056,-0.6178418976750634,-0.6458815741173819,-0.8099108456787496,-0.07478961839251488,-0.4892329709504865,-0.34382416718704517,-0.5127305359289756,-0.21983931005756074,-0.21188802302736315,-4.8717623279695665,-0.4680288384860563,-0.3283253450218044,-0.2786727403135242,-0.03996888603308351,-0.10915739050503444,-0.30672494778282844,0.017875823778796356,0.11878690908055253,0.13212228660800662,-0.15046389840384458,0.002851326655095554,1.2638056462909082,0.3678906031462992,1.3340695399576163,0.17761709326591713,0.5479088842529658,0.7726187392784032,2.343225051566842,0.31769809582303654,0.42043975947947604,0.5186087373511811,0.45437440594596734,0.7749671180116148,2.674318306798738,0.3709999828655541,0.3703544668172429,0.15016163738019664,0.4094088076551153,0.8655690122645987,1.1391898270612428,1.4858879962641216,0.6583130500116716,1.087934409051591,1.2719078918707794,1.5545015924828487,0.7872473718273713,0.7835225070328796,2.4959190218448994,5.660375637813661,1.242028484062588,0.7648877373527804,1.0546826154200204,1.893193402181505,1.0853815400638815,0.7417757499360454,1.1362980271310583,1.9532035617718966,2.276638344680842,1.3861738001926545,1.5140542951657856,1.1153725779387136,2.635029998973814,1.978945302877562,1.1205987656045517,1.8061844147931558,1.6567073494113271,1.6098312939906858,1.4371213674381234,3.512862982532547,2.5751366681213224,3.004890340200025,1.4928510514686346,1.201822306414056,1.6400475382031012,2.0791607982238354,1.4365440866132722,2.253591081331882,2.9181837989364867,2.8191075505139875,2.7287177814042773,2.795091924079098,3.8229686234278932,6.906229151185513,2.159591451600008,2.697664196987721,2.848229283029683,2.3111080460795512,2.0239170622485805,4.988080448169126,2.8611653406999373,4.62276765924042,3.2415180204081944,5.110268405913464,3.3865067496632397,3.6628536085178482,2.7067312542333677,5.00251614853359,4.07477380554871,3.4056161626062305,3.0204001179518807,2.8544991341474217,7.006861022184968,5.56963203014133,5.016115357866171,4.149466413004946,6.038865611146418,7.700381170287839,7.243628277057415,4.178068665583768,3.5247334864182895,5.607220452308908,2.594299161709595,3.568629968772071,3.4928034984429916,3.8214212473134905,1.0860045992909668,3.312126054025371,3.1975004493348003,3.2477726999723573,1.063091116578948,4.6326692781156105,4.7779545632935365,3.5224575370930284,7.115256975522865,4.233063002575871,3.7085900310289093,4.609991547807134,5.5733034456942265,9.376435328320701,6.951134903846819,9.70340632850573,8.749612960618817,5.089304002895951,3.8105879277281387,6.0194075219759755,6.41653937294608,2.3040974505724456,3.418103443815387,3.2948728821817435,3.0822303933088278,3.2102504276538304,3.5800035021265835,3.194049387886987,37.88172366490004,6.867436442293324,7.922743368151353,11.159167123932253,10.224611329561153,12.57180073024763,17.602148050100915,,,,,,,,,,,,,,,,,,,,,,,,,,,,,,,,,,,,,,,,,,,,,,,,,,,,,,,,,,,,,,,,,,,,,,,,,,,,,,,,,,,,,,,,,,,,,,,,,,,,,,,,,,,,,,,,,,,,,,,,,,,,,,,,,,,,,,,,,,,,,,,,,,,,,,,,,,,,,,,,,,,,,,,,,,,,,,,,,,,,,,,,,,,,,,,,,,,,,,,,,,,,,,,,,,,,,,
DT_Minmaxed,0.07782050766663609,0.0,0.0,0.04646006577213773,0.0,0.0,0.0,0.0,0.0,0.0,0.0,0.0,0.0,0.0,0.0,0.0,0.0,0.0,0.0,0.0,,0.0,0.0,,,,,,,,,,0.0,,,,,,,,,,,,,,,,,,,,,,,,,,,,,,,,,,0.0,,,0.0,,,,,,0.0,,,,,,,,,,,,,,,,,,,,,,,,,,,,0.0,,,,0.4821543710305264,,,,,,,,,,,,,,,,,,0.0,,,,,,,,,,,,0.0,,0.0,,,,0.0,,,,,,0.0,,,,,,,0.0,,,,,,,,0.0,,,,,,,,,,,,,,,,,,,,,,,,,,,,,,,,,,0.0,,,,,,,,,,,,,,,,,,,,,,,,,,,,,,,,,0.0,,,,0.0,,,,,,,,,,,,,,,,,0.0,0.0,0.0,0.0,0.0,0.0,0.0,0.0,0.0,0.0,0.0,0.07038962380856376,0.0,0.0,0.1404618996798403,0.11934649109771404,0.06336704094458175,0.0,0.0,0.0,0.0,0.0,0.0,0.0,0.0,0.0,0.0,0.0,0.0,0.0,0.0,0.0,0.0,0.0,0.0,0.0,0.0,0.0,0.0,0.0,0.0,0.0,0.0,0.0,0.0,0.0,0.0,0.0,0.0,0.0,0.0,0.0,0.0,0.0,0.0,0.0,0.0,0.0,0.0,0.0,0.0,0.0,0.0,0.0,0.0,0.0,0.0,0.0,0.0,0.0,0.0,0.0,0.0,0.0,0.0,0.0,0.0,0.0,0.0,0.0,0.0,0.0,0.0,0.0,0.0,0.0,0.0,0.0,0.0,0.0,0.0,0.0,0.0,0.0,0.0,0.0,0.0,0.0,0.0,0.0,0.0,0.0,0.0,0.0,0.0,0.0,0.0,0.0,0.0,0.0,0.0,0.0,0.0,0.0,0.0,0.0,0.0,0.0,0.0,0.0,0.0,0.0,0.0,0.0,0.0,0.0,0.0,0.0,0.0,0.0,0.0,0.0,0.0,0.0,0.0,0.0,0.0,0.0,0.0,0.0,0.0,0.0,0.0,0.0,0.0,0.0,0.0,0.0,0.0,0.0,0.0,0.0,0.0,0.0,0.0,0.0,0.0,0.0,0.0,0.0,0.0,0.0,0.0,0.0,0.0,0.0,0.0,0.0,0.0,0.0,0.0,0.0,0.0,0.0,0.0,0.0,0.0,0.0,0.0,0.0,0.0,0.0,0.0,0.0,0.0,0.0,0.0,0.0,0.0,0.0,0.0,0.0,0.0,0.0,0.0,0.0,0.0,0.0,0.0,0.0,0.0,0.0,0.0,0.0,0.0,0.0,0.0,0.0,0.0,0.0,0.0,0.0,0.0,0.0,0.0,0.0,0.0,0.0,0.0,0.0,0.0,0.0,0.0,0.0,0.0,0.0,0.0,0.0
RF_Minmaxed,0.07782050766663609,0.0,0.0,0.04646006577213773,0.0,0.0,0.0,0.0,0.0,0.0,0.0,0.0,0.0,0.0,0.0,0.0,0.0,0.0,0.0,0.0,,0.0,0.0,,,,,,,,,,0.0,,,,,,,,,,,,,,,,,,,,,,,,,,,,,,,,,,0.0,,,0.0,,,,,,0.0,,,,,,,,,,,,,,,,,,,,,,,,,,,,0.0,,,,0.4821543710305264,,,,,,,,,,,,,,,,,,0.0,,,,,,,,,,,,0.0,,0.0,,,,0.0,,,,,,0.0,,,,,,,0.0,,,,,,,,0.0,,,,,,,,,,,,,,,,,,,,,,,,,,,,,,,,,,0.0,,,,,,,,,,,,,,,,,,,,,,,,,,,,,,,,,0.0,,,,0.0,,,,,,,,,,,,,,,,,0.0,0.0,0.0,0.0,0.0,0.0,0.0,0.0,0.0,0.0,0.0,0.07038962380856376,0.0,0.0,0.1404618996798403,0.11934649109771404,0.06336704094458175,0.0,0.0,0.0,0.0,0.0,0.0,0.0,0.0,0.0,0.0,0.0,0.0,0.0,0.0,0.0,0.0,0.0,0.0,0.0,0.0,0.0,0.0,0.0,0.0,0.0,0.0,0.0,0.0,0.0,0.0,0.0,0.0,0.0,0.0,0.0,0.0,0.0,0.0,0.0,0.0,0.0,0.0,0.0,0.0,0.0,0.0,0.0,0.0,0.0,0.0,0.0,0.0,0.0,0.0,0.0,0.0,0.0,0.0,0.0,0.0,0.0,0.0,0.0,0.0,0.0,0.0,0.0,0.0,0.0,0.0,0.0,0.0,0.0,0.0,0.0,0.0,0.0,0.0,0.0,0.0,0.0,0.0,0.0,0.0,0.0,0.0,0.0,0.0,0.0,0.0,0.0,0.0,0.0,0.0,0.0,0.0,0.0,0.0,0.0,0.0,0.0,0.0,0.0,0.0,0.0,0.0,0.0,0.0,0.0,0.0,0.0,0.0,0.0,0.0,0.0,0.0,0.0,0.0,0.0,0.0,0.0,0.0,0.0,0.0,0.0,0.0,0.0,0.0,0.0,0.0,0.0,0.0,0.0,0.0,0.0,0.0,0.0,0.0,0.0,0.0,0.0,0.0,0.0,0.0,0.0,0.0,0.0,0.0,0.0,0.0,0.0,0.0,0.0,0.0,0.0,0.0,0.0,0.0,0.0,0.0,0.0,0.0,0.0,0.0,0.0,0.0,0.0,0.0,0.0,0.0,0.0,0.0,0.0,0.0,0.0,0.0,0.0,0.0,0.0,0.0,0.0,0.0,0.0,0.0,0.0,0.0,0.0,0.0,0.0,0.0,0.0,0.0,0.0,0.0,0.0,0.0,0.0,0.0,0.0,0.0,0.0,0.0,0.0,0.0,0.0,0.0,0.0,0.0,0.0,0.0,0.0
SVM_Minmaxed,-22.947123240996184,-11.385478332353964,-17.25395378677924,-12.630469627393268,-11.60822695502628,-12.239744350135487,-3.7790684388070384,-6.828819443582029,-3.0210553586494076,-6.012967201156982,-5.861797170837872,-3.362258448386645,-5.251322931264853,-5.358804344421338,-30.7207132600315,-1.4027057217120373,-2.7718207762508293,-1.885744447894859,-5.615886443415558,-2.0260435506854177,-5.466310284946592,-2.1729429771338573,-1.2984369393690827,-6.000721862226632,-8.413845617134651,-4.687637231261362,-8.56171381624324,-5.583919747739231,-4.4484049260692,-4.753217382151038,-5.073447298977095,-6.319201325197011,-1.4712245609529764,-6.060739661668199,-6.700825449833996,-6.121329348764013,-3.9357847667084296,-8.379513640089785,-9.921118813042908,-5.626838078709189,-2.8507436413458582,-6.9573051297544035,-6.59909658743605,-4.39846778806343,-3.471784969629955,-3.0391706983109295,-2.4226382781987477,-6.156097058823155,-2.8722567300381625,-5.184492334149454,-2.500206579591108,-2.2754945800498976,-2.6131146204541618,-3.452837332695298,-6.434935740172396,-4.458702181763495,-3.5067383770628267,-2.186072830337884,-4.189291378268462,-5.590518797102593,-4.933856391912047,-4.781810174713993,-2.267259699017985,-6.301250930751197,-2.372538557223932,-2.669731476533914,-8.762397728507604,-3.4485799995847923,-4.5973966132382404,-9.352868437844524,-5.297210207190297,-6.000515492566315,-2.473251722780579,-1.6749270763351602,-2.199496361405645,-8.168664325628288,-2.16064615456448,-1.9551009371640682,-1.9535209411313894,-2.364026193694349,-3.611309631308475,-2.2644946191391937,-3.9194268485119497,-4.24923697933041,-1.99369992933851,-2.692925040669701,-2.081757708169225,-1.7458355290204215,-1.2682797944890318,-1.9518705360985766,-1.1584048150141129,-1.3379427482883366,-1.9199163556983379,-1.1001211743727297,-1.4588750998968054,-0.7491986483942493,-1.0388425513710777,-1.6033139349748764,-1.8090467966711097,-1.5247387221617792,-1.8383634387698407,-1.3656731458296893,-1.244675650288481,-1.6194876147451733,-0.9805730911121102,-0.9851911522935509,-0.7717766036267608,-0.24470720419999398,-1.5682852624645662,-1.9576242363513852,-0.5202951977783685,-0.7249261239785049,-0.7514309427355439,-0.7614981465888081,-0.39918446858932477,-0.607346994859056,-0.6178418976750634,-0.6458815741173819,-0.8099108456787496,-0.07478961839251488,-0.4892329709504865,-0.34382416718704517,-0.5127305359289756,-0.21983931005756074,-0.21188802302736315,-4.8717623279695665,-0.4680288384860563,-0.3283253450218044,-0.2786727403135242,-0.03996888603308351,-0.10915739050503444,-0.30672494778282844,0.017875823778796356,0.11878690908055253,0.13212228660800662,-0.15046389840384458,0.002851326655095554,1.2638056462909082,0.3678906031462992,1.3340695399576163,0.17761709326591713,0.5479088842529658,0.7726187392784032,2.343225051566842,0.31769809582303654,0.42043975947947604,0.5186087373511811,0.45437440594596734,0.7749671180116148,2.674318306798738,0.3709999828655541,0.3703544668172429,0.15016163738019664,0.4094088076551153,0.8655690122645987,1.1391898270612428,1.4858879962641216,0.6583130500116716,1.087934409051591,1.2719078918707794,1.5545015924828487,0.7872473718273713,0.7835225070328796,2.4959190218448994,5.660375637813661,1.242028484062588,0.7648877373527804,1.0546826154200204,1.893193402181505,1.0853815400638815,0.7417757499360454,1.1362980271310583,1.9532035617718966,2.276638344680842,1.3861738001926545,1.5140542951657856,1.1153725779387136,2.635029998973814,1.978945302877562,1.1205987656045517,1.8061844147931558,1.6567073494113271,1.6098312939906858,1.4371213674381234,3.512862982532547,2.5751366681213224,3.004890340200025,1.4928510514686346,1.201822306414056,1.6400475382031012,2.0791607982238354,1.4365440866132722,2.253591081331882,2.9181837989364867,2.8191075505139875,2.7287177814042773,2.795091924079098,3.8229686234278932,6.906229151185513,2.159591451600008,2.697664196987721,2.848229283029683,2.3111080460795512,2.0239170622485805,4.988080448169126,2.8611653406999373,4.62276765924042,3.2415180204081944,5.110268405913464,3.3865067496632397,3.6628536085178482,2.7067312542333677,5.00251614853359,4.07477380554871,3.4056161626062305,3.0204001179518807,2.8544991341474217,7.006861022184968,5.56963203014133,5.016115357866171,4.149466413004946,6.038865611146418,7.700381170287839,7.243628277057415,4.178068665583768,3.5247334864182895,5.607220452308908,2.594299161709595,3.568629968772071,3.4928034984429916,3.8214212473134905,1.0860045992909668,3.312126054025371,3.1975004493348003,3.2477726999723573,1.063091116578948,4.6326692781156105,4.7779545632935365,3.5224575370930284,7.115256975522865,4.233063002575871,3.7085900310289093,4.609991547807134,5.5733034456942265,9.376435328320701,6.951134903846819,9.70340632850573,8.749612960618817,5.089304002895951,3.8105879277281387,6.0194075219759755,6.41653937294608,2.3040974505724456,3.418103443815387,3.2948728821817435,3.0822303933088278,3.2102504276538304,3.5800035021265835,3.194049387886987,37.88172366490004,6.867436442293324,7.922743368151353,11.159167123932253,10.224611329561153,12.57180073024763,17.602148050100915,,,,,,,,,,,,,,,,,,,,,,,,,,,,,,,,,,,,,,,,,,,,,,,,,,,,,,,,,,,,,,,,,,,,,,,,,,,,,,,,,,,,,,,,,,,,,,,,,,,,,,,,,,,,,,,,,,,,,,,,,,,,,,,,,,,,,,,,,,,,,,,,,,,,,,,,,,,,,,,,,,,,,,,,,,,,,,,,,,,,,,,,,,,,,,,,,,,,,,,,,,,,,,,,,,,,,,
